{
  "title": "死亡笔记",
  "chapters": [
    {
      "id": "chapter1",
      "title": "第2话",
      "pages": [
        "image_001.jpg",
        "image_002.jpg",
        "image_003.jpg",
        "image_004.jpg",
        "image_005.jpg",
        "image_006.jpg",
        "image_007.jpg",
        "image_008.jpg",
        "image_009.jpg",
        "image_010.jpg",
        "image_011.jpg",
        "image_012.jpg",
        "image_013.jpg",
        "image_014.jpg",
        "image_015.jpg",
        "image_016.jpg",
        "image_017.jpg",
        "image_018.jpg",
        "image_019.jpg",
        "image_020.jpg",
        "image_021.jpg",
        "image_022.jpg",
        "image_023.jpg",
        "image_024.jpg",
        "image_025.jpg",
        "image_026.jpg",
        "image_027.jpg",
        "image_028.jpg",
        "image_029.jpg",
        "image_030.jpg",
        "image_031.jpg",
        "image_032.jpg",
        "image_033.jpg",
        "image_034.jpg",
        "image_035.jpg",
        "image_036.jpg",
        "image_037.jpg",
        "image_038.jpg",
        "image_039.jpg",
        "image_040.jpg",
        "image_041.jpg",
        "image_042.jpg",
        "image_043.jpg",
        "image_044.jpg",
        "image_045.jpg",
        "image_046.jpg",
        "image_047.jpg",
        "image_048.jpg",
        "image_049.jpg",
        "image_050.jpg",
        "image_051.jpg",
        "image_052.jpg",
        "image_053.jpg",
        "image_054.jpg",
        "image_055.jpg",
        "image_056.jpg",
        "image_057.jpg",
        "image_058.jpg",
        "image_059.jpg",
        "image_060.jpg",
        "image_061.jpg",
        "image_062.jpg",
        "image_063.jpg",
        "image_064.jpg",
        "image_065.jpg",
        "image_066.jpg",
        "image_067.jpg",
        "image_068.jpg",
        "image_069.jpg",
        "image_070.jpg",
        "image_071.jpg",
        "image_072.jpg",
        "image_073.jpg",
        "image_074.jpg",
        "image_075.jpg",
        "image_076.jpg",
        "image_077.jpg",
        "image_078.jpg",
        "image_079.jpg",
        "image_080.jpg",
        "image_081.jpg",
        "image_082.jpg",
        "image_083.jpg",
        "image_084.jpg",
        "image_085.jpg",
        "image_086.jpg",
        "image_087.jpg",
        "image_088.jpg",
        "image_089.jpg",
        "image_090.jpg",
        "image_091.jpg",
        "image_092.jpg",
        "image_093.jpg",
        "image_094.jpg",
        "image_095.jpg",
        "image_096.jpg",
        "image_097.jpg",
        "image_098.jpg",
        "image_099.jpg",
        "image_100.jpg",
        "image_101.jpg",
        "image_102.jpg",
        "image_103.jpg",
        "image_104.jpg",
        "image_105.jpg",
        "image_106.jpg",
        "image_107.jpg",
        "image_108.jpg",
        "image_109.jpg",
        "image_110.jpg",
        "image_111.jpg",
        "image_112.jpg",
        "image_113.jpg",
        "image_114.jpg",
        "image_115.jpg",
        "image_116.jpg",
        "image_117.jpg",
        "image_118.jpg",
        "image_119.jpg",
        "image_120.jpg",
        "image_121.jpg",
        "image_122.jpg",
        "image_123.jpg",
        "image_124.jpg",
        "image_125.jpg",
        "image_126.jpg",
        "image_127.jpg",
        "image_128.jpg",
        "image_129.jpg",
        "image_130.jpg",
        "image_131.jpg",
        "image_132.jpg",
        "image_133.jpg",
        "image_134.jpg",
        "image_135.jpg",
        "image_136.jpg",
        "image_137.jpg",
        "image_138.jpg",
        "image_139.jpg",
        "image_140.jpg",
        "image_141.jpg",
        "image_142.jpg",
        "image_143.jpg",
        "image_144.jpg",
        "image_145.jpg",
        "image_146.jpg",
        "image_147.jpg",
        "image_148.jpg",
        "image_149.jpg",
        "image_150.jpg",
        "image_151.jpg",
        "image_152.jpg",
        "image_153.jpg",
        "image_154.jpg",
        "image_155.jpg",
        "image_156.jpg",
        "image_157.jpg",
        "image_158.jpg",
        "image_159.jpg",
        "image_160.jpg",
        "image_161.jpg",
        "image_162.jpg",
        "image_163.jpg",
        "image_164.jpg",
        "image_165.jpg",
        "image_166.jpg",
        "image_167.jpg",
        "image_168.jpg",
        "image_169.jpg",
        "image_170.jpg",
        "image_171.jpg",
        "image_172.jpg",
        "image_173.jpg",
        "image_174.jpg",
        "image_175.jpg",
        "image_176.jpg",
        "image_177.jpg",
        "image_178.jpg",
        "image_179.jpg",
        "image_180.jpg",
        "image_181.jpg",
        "image_182.jpg",
        "image_183.jpg",
        "image_184.jpg",
        "image_185.jpg",
        "image_186.jpg",
        "image_187.jpg",
        "image_188.jpg",
        "image_189.jpg",
        "image_190.jpg",
        "image_191.jpg",
        "image_192.jpg",
        "image_193.jpg",
        "image_194.jpg",
        "image_195.jpg",
        "image_196.jpg",
        "image_197.jpg",
        "image_198.jpg"
      ]
    }
  ]
}